{"Model 1 (32)": {"Test Loss": 0.013655130751430988, "Test MAE": 0.0698588639497757, "Test Accuracy": 0.13121025264263153}, "Model 2 (64)": {"Test Loss": 0.013617658987641335, "Test MAE": 0.07120903581380844, "Test Accuracy": 0.13107050955295563}, "Model 3 (64)": {"Test Loss": 0.014410561881959438, "Test MAE": 0.07191368192434311, "Test Accuracy": 0.13100062310695648}}
{"Model 1 (32)": {"Test Loss": 0.013655130751430988, "Test MAE": 0.0698588639497757, "Test Accuracy": 0.13121025264263153}, "Model 2 (64)": {"Test Loss": 0.013617658987641335, "Test MAE": 0.07120903581380844, "Test Accuracy": 0.13107050955295563}, "Model 3 (64)": {"Test Loss": 0.014410561881959438, "Test MAE": 0.07191368192434311, "Test Accuracy": 0.13100062310695648}}
{"Model 1 (32)": {"Test Loss": 0.013655130751430988, "Test MAE": 0.0698588639497757, "Test Accuracy": 0.13121025264263153}, "Model 2 (64)": {"Test Loss": 0.013617658987641335, "Test MAE": 0.07120903581380844, "Test Accuracy": 0.13107050955295563}, "Model 3 (64)": {"Test Loss": 0.014410561881959438, "Test MAE": 0.07191368192434311, "Test Accuracy": 0.13100062310695648}}
{"Model 1 (32)": {"Test Loss": 0.013655130751430988, "Test MAE": 0.0698588639497757, "Test Accuracy": 0.13121025264263153}, "Model 2 (64)": {"Test Loss": 0.013617658987641335, "Test MAE": 0.07120903581380844, "Test Accuracy": 0.13107050955295563}, "Model 3 (64)": {"Test Loss": 0.014410561881959438, "Test MAE": 0.07191368192434311, "Test Accuracy": 0.13100062310695648}}
{"Model 1 (32)": {"Test Loss": 0.013655130751430988, "Test MAE": 0.0698588639497757, "Test Accuracy": 0.13121025264263153}, "Model 2 (64)": {"Test Loss": 0.013617658987641335, "Test MAE": 0.07120903581380844, "Test Accuracy": 0.13107050955295563}, "Model 3 (64)": {"Test Loss": 0.014410561881959438, "Test MAE": 0.07191368192434311, "Test Accuracy": 0.13100062310695648}}
{"Model 1 (32)": {"Test Loss": 0.013655130751430988, "Test MAE": 0.0698588639497757, "Test Accuracy": 0.13121025264263153}, "Model 2 (64)": {"Test Loss": 0.013617658987641335, "Test MAE": 0.07120903581380844, "Test Accuracy": 0.13107050955295563}, "Model 3 (64)": {"Test Loss": 0.014410561881959438, "Test MAE": 0.07191368192434311, "Test Accuracy": 0.13100062310695648}}
