{"Model 1 (3x3, 3x3)": {"Test Loss": 0.013655130751430988, "Test MAE": 0.0698588639497757, "Test Accuracy": 0.13121025264263153}, "Model 2 (5x5, 5x5)": {"Test Loss": 0.011764713563024998, "Test MAE": 0.06350112706422806, "Test Accuracy": 0.131105437874794}, "Model 3 (5x5, 3x3)": {"Test Loss": 0.014027783647179604, "Test MAE": 0.06974951922893524, "Test Accuracy": 0.13086088001728058}}
