{
    "Model 1 (single)": {
        "Test Loss": 0.0858985185623169,
        "Test MAE": 0.19508689641952515
    },
    "Model 2 (single)": {
        "Test Loss": 0.0319194458425045,
        "Test MAE": 0.10293027758598328
    },
    "Model 3 (single)": {
        "Test Loss": 0.027480648830533028,
        "Test MAE": 0.08405643701553345
    },
    "Model 4 (single)": {
        "Test Loss": 0.07000428438186646,
        "Test MAE": 0.16174866259098053
    },
    "Model 5 (single)": {
        "Test Loss": 0.015885120257735252,
        "Test MAE": 0.07374642044305801
    },
    "Model 6 (double)": {
        "Test Loss": 0.013655130751430988,
        "Test MAE": 0.0698588639497757
    }
}
