{"Model 1 (32)": {"Test Loss": 0.0759144052863121, "Test MAE": 0.1755017638206482, "Test Accuracy": 0.06706879287958145}, "Model 2 (64)": {"Test Loss": 0.07335932552814484, "Test MAE": 0.17126303911209106, "Test Accuracy": 0.06692517548799515}}
