{"Model 1 (32)": {"Test Loss": 0.009486439637839794, "Test MAE": 0.0544586181640625, "Test Accuracy": 0.13133254647254944}, "Model 2 (64)": {"Test Loss": 0.01025058701634407, "Test MAE": 0.05708036571741104, "Test Accuracy": 0.13114038109779358}}
