{"Model 1 (32)": {"Test Loss": 0.009486439637839794, "Test MAE": 0.0544586181640625, "Test Accuracy": 0.13133254647254944}, "Model 2 (64)": {"Test Loss": 0.009835166856646538, "Test MAE": 0.054753150790929794, "Test Accuracy": 0.131105437874794}}
